email,label
I enjoyed our trip yesterday. Looking forward to the next one.,0
Lowest price guaranteed. Order now and save big!,1
"Good morning, don't forget to bring the presentation slides.",0
Urgent! Your account has been compromised. Verify your details immediately.,1
Lowest price guaranteed. Order now and save big!,1
"Good morning, don't forget to bring the presentation slides.",0
Your order has been shipped and will arrive in 3-5 business days.,0
Congratulations! You've won a $1000 Walmart gift card. Click here to claim now.,1
"Thanks for your help with the project, much appreciated!",0
"Win a free iPhone today. Limited time offer, hurry up!",1
You have been selected for a cash prize. Respond with your details.,1
Claim your lottery winnings now. Contact us immediately.,1
You have been selected for a cash prize. Respond with your details.,1
Get cheap loans instantly. Apply online now.,1
Limited seats available. Register today and win exciting prizes.,1
Urgent! Your account has been compromised. Verify your details immediately.,1
Limited seats available. Register today and win exciting prizes.,1
Your order has been shipped and will arrive in 3-5 business days.,0
"Hi John, are we still meeting tomorrow at 10 am?",0
Urgent! Your account has been compromised. Verify your details immediately.,1
Let's have dinner together this weekend. Are you free?,0
Urgent! Your account has been compromised. Verify your details immediately.,1
You have been selected for a cash prize. Respond with your details.,1
Claim your lottery winnings now. Contact us immediately.,1
"Thanks for your help with the project, much appreciated!",0
Earn money working from home. No experience required.,1
"Hi John, are we still meeting tomorrow at 10 am?",0
Limited seats available. Register today and win exciting prizes.,1
Lowest price guaranteed. Order now and save big!,1
Exclusive offer just for you! Buy one get one free on all items.,1
Limited seats available. Register today and win exciting prizes.,1
Lowest price guaranteed. Order now and save big!,1
Claim your lottery winnings now. Contact us immediately.,1
"Good morning, don't forget to bring the presentation slides.",0
"Good morning, don't forget to bring the presentation slides.",0
Urgent! Your account has been compromised. Verify your details immediately.,1
Happy birthday! Wishing you a wonderful day filled with joy.,0
Your order has been shipped and will arrive in 3-5 business days.,0
Urgent! Your account has been compromised. Verify your details immediately.,1
Let's have dinner together this weekend. Are you free?,0
Let's have dinner together this weekend. Are you free?,0
Lowest price guaranteed. Order now and save big!,1
Let's have dinner together this weekend. Are you free?,0
"Good morning, don't forget to bring the presentation slides.",0
Urgent! Your account has been compromised. Verify your details immediately.,1
You have been selected for a cash prize. Respond with your details.,1
I enjoyed our trip yesterday. Looking forward to the next one.,0
"Good morning, don't forget to bring the presentation slides.",0
Happy birthday! Wishing you a wonderful day filled with joy.,0
